name,brand,category,product_type,origin,price,currency,description,skin_types,concerns,goals,key_ingredients,sensitivity_level,prescription_required,is_active,last_verified
Skin-A 0.05% Cream,Atco Health Care,Pharmacy,Cream,Pakistan,250.0,PKR,Tretinoin 0.05% cream.,"{""Dry""}","{""Acne & Breakouts"",""Clogged Pores""}","{""Barrier Repair & Hydration"",""Clear Skin""}","{""Tretinoin 0.05%""}",Moderate,false,true,2026-03-01
Skinoren 20% Cream,Bayer Pakistan,Pharmacy,Cream,Pakistan,650.0,PKR,Azelaic acid 20% cream.,"{""Dry""}","{""Hyperpigmentation"",""Dullness""}","{""Barrier Repair & Hydration"",""Even Skin Tone""}","{""Azelaic Acid 20%""}",Moderate,false,true,2026-03-01
Enoren Cream 20g,Medica Pharma,Pharmacy,Cream,Pakistan,380.0,PKR,Azelaic acid 15% cream.,"{""Dry""}","{""Hyperpigmentation"",""Dullness""}","{""Barrier Repair & Hydration"",""Even Skin Tone""}","{""Azelaic Acid 15%""}",Moderate,false,true,2026-03-01
Acdermin Gel 20g,Atco Pharma,Pharmacy,Gel,Pakistan,350.0,PKR,Clindamycin phosphate 1.2% + tretinoin 0.025% gel.,"{""Oily"",""Combination""}","{""Acne & Breakouts"",""Clogged Pores""}","{""Clear Skin""}","{""Clindamycin Phosphate 1.2%"",""Tretinoin 0.025%""}",Moderate,false,true,2026-03-01
Adapco 0.1% Gel,Atco,Pharmacy,Gel,Pakistan,310.0,PKR,Adapalene 0.1% gel.,"{""Oily"",""Combination""}","{""Acne & Breakouts"",""Clogged Pores""}","{""Clear Skin""}","{""Adapalene 0.1%""}",Moderate,false,true,2026-03-01
Triac Anti Acne Cream 20g,AZM Pharma,Pharmacy,Cream,Pakistan,320.0,PKR,Mandelic acid 5% + salicylic acid 2% + Acnacidol 2.5%.,"{""Dry"",""Oily"",""Combination""}","{""Acne & Breakouts"",""Clogged Pores""}","{""Barrier Repair & Hydration"",""Clear Skin""}","{""Mandelic Acid 5%"",""Salicylic Acid 2%"",""Acnacidol 2.5%""}",Moderate,false,true,2026-03-01
Benclin Gel,Sante Pvt Ltd,Pharmacy,Gel,Pakistan,420.0,PKR,Clindamycin 1% + benzoyl peroxide 5% gel.,"{""Oily"",""Combination""}","{""Acne & Breakouts"",""Clogged Pores""}","{""Clear Skin""}","{""Clindamycin 1%"",""Benzoyl Peroxide 5%""}",Moderate,false,true,2026-03-01
Acsolve Topical Lotion 30ml,Atco,Pharmacy,Lotion,Pakistan,210.0,PKR,Clindamycin 1% topical lotion.,"{""All Skin Types""}","{""Acne & Breakouts"",""Clogged Pores""}","{""Clear Skin""}","{""Clindamycin 1%""}",Moderate,false,true,2026-03-01
Brevoxyl Cream 40g,GSK,Pharmacy,Cream,Pakistan,280.0,PKR,Benzoyl peroxide 4% cream.,"{""Dry""}","{""Acne & Breakouts"",""Clogged Pores""}","{""Barrier Repair & Hydration"",""Clear Skin""}","{""Benzoyl Peroxide 4%""}",Moderate,false,true,2026-03-01
Arynoin Plus Gel 10g,Pharma Health,Pharmacy,Gel,Pakistan,390.0,PKR,Isotretinoin 0.05% + erythromycin 2% gel.,"{""Oily"",""Combination""}","{""Acne & Breakouts"",""Clogged Pores""}","{""Clear Skin""}","{""Isotretinoin 0.05%"",""Erythromycin 2%""}",Moderate,false,true,2026-03-01
Dermive Moisturising Wash,Jenpharm,Cleanser,Face wash,Pakistan,1198.0,PKR,Moisturising face wash.,"{""Dry""}",{},"{""Barrier Repair & Hydration""}",{},Moderate,false,true,2026-03-01
AccuFix Acne Control Face Wash,AccuFix,Cleanser,Face wash,Pakistan,1450.0,PKR,Salicylic-acid acne control face wash.,"{""Oily"",""Combination""}","{""Acne & Breakouts"",""Clogged Pores""}","{""Clear Skin""}","{""Salicylic Acid""}",Moderate,false,true,2026-03-01
Vince Aloe Vera Face Wash,Vince / Mablay Beauty,Cleanser,Face wash,Pakistan,750.0,PKR,Aloe-vera face wash.,"{""All Skin Types""}",{},{},"{""Aloe Vera""}",Moderate,false,true,2026-03-01
Primary Skincare BHA Aloe Jelly Cleanser,Primary Skincare,Cleanser,Cleanser,Pakistan,1650.0,PKR,BHA aloe jelly cleanser with 2% salicylic acid.,"{""Oily"",""Combination""}","{""Acne & Breakouts"",""Clogged Pores""}","{""Clear Skin""}","{""Salicylic Acid 2%""}",Moderate,false,true,2026-03-01
Molecular Silk Amino Hydrating Cleanser,Nutrex Labs,Cleanser,Cleanser,Pakistan,1850.0,PKR,Hydrating cleanser with silk amino acids and botanical ingredients.,"{""Dry""}","{""Hyperpigmentation"",""Dullness""}","{""Barrier Repair & Hydration"",""Even Skin Tone""}","{""Silk Amino Acids"",""Astaxanthin"",""Vitamin C Derivative"",""Moringa Oil"",""Green Tea"",""White Tea""}",Moderate,false,true,2026-03-01
Eventone 4 Face Wash,Pharma Health,Cleanser,Face wash,Pakistan,850.0,PKR,"Face wash containing glycolic acid, salicylic acid, vitamin C derivative and licorice.","{""Oily"",""Combination""}","{""Acne & Breakouts"",""Clogged Pores"",""Hyperpigmentation"",""Dullness""}","{""Clear Skin"",""Even Skin Tone""}","{""Glycolic Acid"",""Salicylic Acid"",""Vitamin C Derivative"",""Licorice""}",Moderate,false,true,2026-03-01
Airol-N Acne Control Wash,Pharma Health,Cleanser,Face wash,Pakistan,350.0,PKR,Acne-control wash with NDGA and oleanolic acid.,"{""Oily"",""Combination""}","{""Acne & Breakouts"",""Clogged Pores""}","{""Clear Skin""}","{""NDGA"",""Oleanolic Acid""}",Moderate,false,true,2026-03-01
Organic Traveller Barrier Hydrate Face Wash,Organic Traveller,Cleanser,Face wash,Pakistan,1450.0,PKR,Barrier-focused hydrating face wash.,"{""Dry""}","{""Redness & Irritation"",""Damaged Barrier""}","{""Barrier Repair & Hydration""}",{},Moderate,false,true,2026-03-01
Saeed Ghani Neem Face Wash,Saeed Ghani,Cleanser,Face wash,Pakistan,320.0,PKR,Neem face wash.,"{""All Skin Types""}",{},{},"{""Neem""}",Moderate,false,true,2026-03-01
CeraVe Foaming Facial Cleanser,CeraVe,Cleanser,Cleanser,Imported,3850.0,PKR,Foaming facial cleanser.,"{""All Skin Types""}",{},{},{},Moderate,false,true,2026-03-01
CeraVe Hydrating Facial Cleanser,CeraVe,Cleanser,Cleanser,Imported,3850.0,PKR,Hydrating facial cleanser with ceramides and hyaluronic acid.,"{""Dry""}","{""Redness & Irritation"",""Damaged Barrier""}","{""Barrier Repair & Hydration""}","{""Ceramides"",""Hyaluronic Acid""}",Moderate,false,true,2026-03-01
CeraVe SA Smoothing Cleanser,CeraVe,Cleanser,Cleanser,Imported,4200.0,PKR,"Smoothing cleanser with salicylic acid, ceramides and niacinamide.","{""Oily"",""Combination""}","{""Acne & Breakouts"",""Clogged Pores"",""Hyperpigmentation"",""Damaged Barrier"",""Dullness"",""Redness & Irritation""}","{""Barrier Repair & Hydration"",""Clear Skin"",""Even Skin Tone""}","{""Salicylic Acid"",""Ceramides"",""Niacinamide""}",Moderate,false,true,2026-03-01
La Roche-Posay Effaclar Purifying Foaming Gel,La Roche-Posay,Cleanser,Gel cleanser,Imported,4500.0,PKR,Purifying foaming gel cleanser.,"{""Oily"",""Combination""}",{},{},{},Moderate,false,true,2026-03-01
PanOxyl 4% Acne Creamy Wash,PanOxyl,Cleanser,Creamy wash,Imported,4800.0,PKR,Acne creamy wash with 4% benzoyl peroxide.,"{""Dry"",""Oily"",""Combination""}","{""Acne & Breakouts"",""Clogged Pores""}","{""Barrier Repair & Hydration"",""Clear Skin""}","{""Benzoyl Peroxide 4%""}",Moderate,false,true,2026-03-01
Cetaphil Gentle Skin Cleanser,Cetaphil,Cleanser,Cleanser,Imported,3200.0,PKR,Gentle facial cleanser.,"{""Sensitive""}",{},{},{},Low,false,true,2026-03-01
COSRX Low pH Good Morning Gel Cleanser,COSRX,Cleanser,Gel cleanser,Imported,3100.0,PKR,Low-pH gel cleanser.,"{""Oily"",""Combination""}",{},{},{},Moderate,false,true,2026-03-01
Jenpharm Maxdif Brightening Moisturizer,Jenpharm,Moisturizer,Moisturizer,Pakistan,1498.0,PKR,"Brightening moisturizer with niacinamide, vitamin C and acetyl glucosamine.","{""All Skin Types""}","{""Hyperpigmentation"",""Dullness""}","{""Even Skin Tone""}","{""Niacinamide"",""Vitamin C"",""Acetyl Glucosamine""}",Moderate,false,true,2026-03-01
AccuFix AccuHydra Hydrating Gel Crème – Fungal Acne Safe,AccuFix,Moisturizer,Gel cream,Pakistan,1550.0,PKR,Hydrating gel cream; brand describes it as fungal-acne-safe.,"{""Dry"",""Oily"",""Combination""}","{""Acne & Breakouts"",""Clogged Pores""}","{""Barrier Repair & Hydration"",""Clear Skin""}","{""Glycerin"",""Urea"",""Panthenol"",""Allantoin""}",Moderate,false,true,2026-03-01
neue. Moisturizer (Gel),neue.,Moisturizer,Gel moisturizer,Pakistan,1850.0,PKR,"Oil-free gel moisturizer with ceramides, hyaluronic acid and peptides.","{""Oily"",""Combination""}","{""Redness & Irritation"",""Damaged Barrier""}","{""Barrier Repair & Hydration""}","{""Ceramides"",""Hyaluronic Acid"",""Peptides""}",Moderate,false,true,2026-03-01
Primary Cerapair – Barrier Repair Moisturiser,Primary Skincare,Moisturizer,Barrier moisturizer,Pakistan,1950.0,PKR,Barrier repair moisturizer with ceramides and 2% niacinamide.,"{""All Skin Types""}","{""Redness & Irritation"",""Damaged Barrier"",""Hyperpigmentation"",""Dullness""}","{""Barrier Repair & Hydration"",""Even Skin Tone""}","{""Ceramides"",""Niacinamide 2%""}",Moderate,false,true,2026-03-01
Physiogel Daily Moisture Therapy Cream,Physiogel,Moisturizer,Cream,Pakistan,1850.0,PKR,Daily moisture therapy cream.,"{""Dry""}","{""Redness & Irritation"",""Damaged Barrier""}","{""Barrier Repair & Hydration""}","{""Ceramide NP/3"",""Squalane"",""Shea Butter""}",Moderate,false,true,2026-03-01
Physiogel Calming Relief A.I. Restoring Lipid Balm,Physiogel,Moisturizer,Lipid balm,Pakistan,2400.0,PKR,Restoring lipid balm for dry/sensitive-feeling skin.,"{""Sensitive"",""Dry""}","{""Redness & Irritation"",""Damaged Barrier""}","{""Barrier Repair & Hydration""}",{},Low,false,true,2026-03-01
CeraVe Moisturizing Cream,CeraVe,Moisturizer,Cream,Imported,4200.0,PKR,Moisturizing cream with essential ceramides.,"{""Dry""}","{""Redness & Irritation"",""Damaged Barrier""}","{""Barrier Repair & Hydration""}","{""Ceramides""}",Moderate,false,true,2026-03-01
CeraVe PM Facial Moisturizing Lotion,CeraVe,Moisturizer,Lotion,Imported,4500.0,PKR,"Facial moisturizing lotion with niacinamide, hyaluronic acid and ceramides.","{""All Skin Types""}","{""Redness & Irritation"",""Damaged Barrier"",""Hyperpigmentation"",""Dullness""}","{""Barrier Repair & Hydration"",""Even Skin Tone""}","{""Niacinamide"",""Hyaluronic Acid"",""Ceramides""}",Moderate,false,true,2026-03-01
La Roche-Posay Toleriane Sensitive Cream,La Roche-Posay,Moisturizer,Cream,Imported,4900.0,PKR,Sensitive-skin moisturizer.,"{""Sensitive"",""Dry""}","{""Redness & Irritation"",""Damaged Barrier""}","{""Barrier Repair & Hydration""}",{},Low,false,true,2026-03-01
La Roche-Posay Cicaplast Baume B5+,La Roche-Posay,Moisturizer,Balm,Imported,3900.0,PKR,Barrier-supporting balm.,"{""All Skin Types""}","{""Redness & Irritation"",""Damaged Barrier""}","{""Barrier Repair & Hydration""}",{},Moderate,false,true,2026-03-01
COSRX Advanced Snail 92 All in One Cream,COSRX,Moisturizer,Cream,Imported,4200.0,PKR,All-in-one cream with 92% snail secretion filtrate.,"{""Dry""}",{},"{""Barrier Repair & Hydration""}","{""Snail Secretion Filtrate 92%""}",Moderate,false,true,2026-03-01
Illiyoon Ceramide Ato Concentrate Cream,Illiyoon,Moisturizer,Cream,Imported,4600.0,PKR,Ceramide-focused concentrate cream.,"{""Dry""}","{""Redness & Irritation"",""Damaged Barrier""}","{""Barrier Repair & Hydration""}","{""Ceramides""}",Moderate,false,true,2026-03-01
Pond’s Hydro Light Gel,Pond’s,Moisturizer,Gel,Pakistan,650.0,PKR,Light hydrating gel moisturizer.,"{""Dry"",""Oily"",""Combination""}",{},"{""Barrier Repair & Hydration""}",{},Moderate,false,true,2026-03-01
SpectraBlock SPF 60,Jenpharm,Sunscreen,Sunscreen,Pakistan,1598.0,PKR,SPF 60 sunscreen.,"{""All Skin Types""}","{""Sun Damage"",""UV Protection""}","{""Sun Protection""}","{""SPF 60""}",Moderate,false,true,2026-03-01
SpectraBlock Aqua Fluid SPF 60 PA+++,Jenpharm,Sunscreen,Fluid sunscreen,Pakistan,1698.0,PKR,SPF 60 PA+++ aqua fluid sunscreen.,"{""All Skin Types""}","{""Sun Damage"",""UV Protection""}","{""Sun Protection""}","{""SPF 60"",""PA+++""}",Moderate,false,true,2026-03-01
Primary BFF SPF 65 Centella Soothing Sun Milk,Primary Skincare,Sunscreen,Sun milk,Pakistan,2150.0,PKR,SPF 65 centella soothing sun milk.,"{""Sensitive""}","{""Sun Damage"",""UV Protection""}","{""Sun Protection""}","{""SPF 65"",""Centella""}",Moderate,false,true,2026-03-01
SkinJoy Daily Protect,SkinJoy,Sunscreen,Sunscreen,Pakistan,1250.0,PKR,Daily sunscreen.,"{""All Skin Types""}","{""Sun Damage"",""UV Protection""}","{""Sun Protection""}","{""SPF 50+"",""PA++++""}",Moderate,false,true,2026-03-01
AccuFix Invisible Shield With Centella SPF 50 PA++++,AccuFix,Sunscreen,Sunscreen,Pakistan,1850.0,PKR,Invisible sunscreen with centella.,"{""Sensitive""}","{""Sun Damage"",""UV Protection""}","{""Sun Protection""}","{""SPF 50+"",""PA++++"",""Centella""}",Moderate,false,true,2026-03-01
U-Veil Forte SPF 60,Derma Techno,Sunscreen,Sunscreen,Pakistan,650.0,PKR,SPF 60 sunscreen.,"{""All Skin Types""}","{""Sun Damage"",""UV Protection""}","{""Sun Protection""}","{""SPF 60""}",Moderate,false,true,2026-03-01
Neobrella Sunblock Cream SPF 60 PA+++,Neobrella,Sunscreen,Sunblock cream,Pakistan,580.0,PKR,SPF 60 PA+++ sunblock cream.,"{""Dry""}","{""Sun Damage"",""UV Protection""}","{""Barrier Repair & Hydration"",""Sun Protection""}","{""SPF 60"",""PA+++""}",Moderate,false,true,2026-03-01
Skin Aqua UV Super Moisture Gel SPF50+,Skin Aqua,Sunscreen,Gel sunscreen,Imported,3800.0,PKR,UV super moisture gel sunscreen.,"{""Oily"",""Combination""}","{""Sun Damage"",""UV Protection""}","{""Sun Protection""}","{""SPF 50+""}",Moderate,false,true,2026-03-01
Skin Aqua UV Super Moisture Essence SPF50+,Skin Aqua,Sunscreen,Essence sunscreen,Imported,3900.0,PKR,UV super moisture essence sunscreen.,"{""All Skin Types""}","{""Sun Damage"",""UV Protection""}","{""Sun Protection""}","{""SPF 50+""}",Moderate,false,true,2026-03-01
Skin Aqua UV Super Moisture Milk SPF50+,Skin Aqua,Sunscreen,Milk sunscreen,Imported,3950.0,PKR,UV super moisture milk sunscreen.,"{""All Skin Types""}","{""Sun Damage"",""UV Protection""}","{""Sun Protection""}","{""SPF 50+""}",Moderate,false,true,2026-03-01
Skin Aqua Clear White SPF50+,Skin Aqua,Sunscreen,Sunscreen,Imported,1250.0,PKR,Clear White sunscreen.,"{""All Skin Types""}","{""Sun Damage"",""UV Protection""}","{""Sun Protection""}","{""SPF 50+""}",Moderate,false,true,2026-03-01
La Roche-Posay Anthelios UVMune 400 Invisible Fluid SPF50+,La Roche-Posay,Sunscreen,Fluid sunscreen,Imported,5500.0,PKR,Anthelios UVMune 400 invisible fluid sunscreen.,"{""All Skin Types""}","{""Sun Damage"",""UV Protection""}","{""Sun Protection""}","{""SPF 50+""}",Moderate,false,true,2026-03-01
Beauty of Joseon Relief Sun Rice + Probiotics SPF50+ PA++++,Beauty of Joseon,Sunscreen,Cream sunscreen,Imported,3600.0,PKR,Rice + probiotics sunscreen.,"{""Dry""}","{""Sun Damage"",""UV Protection""}","{""Barrier Repair & Hydration"",""Sun Protection""}","{""SPF 50+"",""PA++++""}",Moderate,false,true,2026-03-01
Beauty of Joseon Matte Sun Stick Mugwort + Camellia SPF50+ PA++++,Beauty of Joseon,Sunscreen,Sun stick,Imported,3500.0,PKR,Matte sun stick.,"{""All Skin Types""}","{""Sun Damage"",""UV Protection""}","{""Sun Protection""}","{""SPF 50+"",""PA++++""}",Moderate,false,true,2026-03-01
SKIN1004 Madagascar Centella Hyalu-Cica Water-Fit Sun Serum SPF50+ PA++++,SKIN1004,Sunscreen,Sun serum,Imported,3700.0,PKR,Hyalu-Cica water-fit sun serum.,"{""Sensitive""}","{""Sun Damage"",""UV Protection""}","{""Sun Protection""}","{""SPF 50+"",""PA++++""}",Moderate,false,true,2026-03-01
AccuFix 1.5% BHA Serum,AccuFix,Serum,BHA serum,Pakistan,1650.0,PKR,BHA serum with 1.5% salicylic acid and glycolic acid.,"{""Oily"",""Combination""}","{""Acne & Breakouts"",""Clogged Pores""}","{""Clear Skin""}","{""Salicylic Acid 1.5%"",""Glycolic Acid""}",Moderate,false,true,2026-03-01
Nutrex Labs Retinal 0.1% & Peptides Advanced Repair Night Cream,Nutrex Labs,Focused treatment,Night cream,Pakistan,2400.0,PKR,"Night repair cream with 0.1% encapsulated retinaldehyde, peptides and a ceramide/omega complex.","{""Dry""}","{""Redness & Irritation"",""Damaged Barrier"",""Fine Lines & Aging""}","{""Barrier Repair & Hydration""}","{""Retinaldehyde 0.1%"",""Peptides"",""Ceramides""}",Moderate,false,true,2026-03-01
Organic Lab Glass Skin Refining Serum,Organic Lab,Serum,Serum,Pakistan,1650.0,PKR,"Glass-skin-focused serum with niacinamide, glutathione and hyaluronic acid.","{""All Skin Types""}","{""Hyperpigmentation"",""Dullness""}","{""Even Skin Tone""}","{""Niacinamide"",""Glutathione"",""Hyaluronic Acid""}",Moderate,false,true,2026-03-01
Beauwell Niacinamide Serum,Beauwell,Serum,Serum,Pakistan,1250.0,PKR,Niacinamide serum with 10% niacinamide and 1% Zinc PCA.,"{""All Skin Types""}","{""Hyperpigmentation"",""Dullness""}","{""Even Skin Tone""}","{""Niacinamide 10%"",""Zinc PCA 1%""}",Moderate,false,true,2026-03-01
Beauwell Skin Boost Serum,Beauwell,Serum,Serum,Pakistan,1450.0,PKR,"Skin-boosting serum with retinyl palmitate, vitamin C, alpha arbutin, kojic acid, lactic acid and liquorice.","{""All Skin Types""}","{""Hyperpigmentation"",""Dullness""}","{""Even Skin Tone""}","{""Retinyl Palmitate"",""Vitamin C"",""Alpha Arbutin"",""Kojic Acid"",""Lactic Acid"",""Liquorice""}",Moderate,false,true,2026-03-01
The Ordinary Niacinamide 10% + Zinc 1%,The Ordinary,Serum,Serum,Imported,3200.0,PKR,Niacinamide 10% + Zinc 1% serum.,"{""All Skin Types""}","{""Hyperpigmentation"",""Dullness""}","{""Even Skin Tone""}","{""Niacinamide 10%"",""Zinc PCA 1%""}",Moderate,false,true,2026-03-01
The Ordinary Salicylic Acid 2% Solution,The Ordinary,Serum,Solution,Imported,3400.0,PKR,Salicylic acid 2% solution.,"{""Oily"",""Combination""}","{""Acne & Breakouts"",""Clogged Pores""}","{""Clear Skin""}","{""Salicylic Acid 2%""}",Moderate,false,true,2026-03-01
The Ordinary Azelaic Acid Suspension 10%,The Ordinary,Focused treatment,Suspension,Imported,3800.0,PKR,Azelaic acid 10% suspension.,"{""All Skin Types""}","{""Hyperpigmentation"",""Dullness""}","{""Even Skin Tone""}","{""Azelaic Acid 10%""}",Moderate,false,true,2026-03-01
COSRX Advanced Snail 96 Mucin Power Essence,COSRX,Essence,Essence,Imported,3900.0,PKR,Snail mucin essence with 96.3% snail secretion filtrate.,"{""All Skin Types""}",{},{},"{""Snail Secretion Filtrate 96.3%""}",Moderate,false,true,2026-03-01
Cos De BAHA S2 Salicylic Acid BHA 2% Liquid,Cos De BAHA,Serum,BHA liquid,Imported,3200.0,PKR,Salicylic acid BHA liquid.,"{""Oily"",""Combination""}","{""Acne & Breakouts"",""Clogged Pores"",""Hyperpigmentation"",""Dullness""}","{""Clear Skin"",""Even Skin Tone""}","{""Salicylic Acid 2%"",""Niacinamide 2%""}",Moderate,false,true,2026-03-01
Cos De BAHA VA Vitamin C 15 Serum,Cos De BAHA,Serum,Vitamin C serum,Imported,3400.0,PKR,Vitamin C serum with 15% ascorbic acid.,"{""All Skin Types""}","{""Hyperpigmentation"",""Dullness""}","{""Even Skin Tone""}","{""Ascorbic Acid 15%""}",Moderate,false,true,2026-03-01
